{"cameraMode":{"drawMode":0,"name":"Shaded","section":"Shading Mode"},"sceneLighting":false,"audioPlay":false,"sceneViewState":{"showFog":true,"showMaterialUpdate":false,"showSkybox":false,"showFlares":true,"showImageEffects":true,"showParticleSystems":true},"in2DMode":false,"pivot":{"x":-4.758247375488281,"y":24.698122024536134,"z":66.88999938964844},"rotation":{"x":-0.006133164744824171,"y":-0.956183910369873,"z":-0.020082827657461168,"w":0.2920130789279938},"size":2.8578836917877199,"orthographic":false}