{"cameraMode":{"drawMode":0,"name":"Shaded","section":"Shading Mode"},"sceneLighting":false,"audioPlay":false,"sceneViewState":{"showFog":true,"showMaterialUpdate":false,"showSkybox":false,"showFlares":true,"showImageEffects":true,"showParticleSystems":true},"in2DMode":false,"pivot":{"x":11.157970428466797,"y":0.9156915545463562,"z":-7.1533203125},"rotation":{"x":0.030610864982008935,"y":-0.7096100449562073,"z":0.030887553468346597,"w":0.7032523155212402},"size":4.361272811889648,"orthographic":true}