{"cameraMode":{"drawMode":0,"name":"Shaded","section":"Shading Mode"},"sceneLighting":false,"audioPlay":false,"sceneViewState":{"showFog":true,"showMaterialUpdate":false,"showSkybox":false,"showFlares":true,"showImageEffects":true,"showParticleSystems":true},"in2DMode":false,"pivot":{"x":-4.758247375488281,"y":24.698122024536134,"z":66.88999938964844},"rotation":{"x":-0.05984951928257942,"y":0.9119842052459717,"z":-0.143703892827034,"w":-0.37966006994247439},"size":1.3578839302062989,"orthographic":false}