{"cameraMode":{"drawMode":0,"name":"Shaded","section":"Shading Mode"},"sceneLighting":false,"audioPlay":false,"sceneViewState":{"showFog":true,"showMaterialUpdate":false,"showSkybox":false,"showFlares":true,"showImageEffects":true,"showParticleSystems":true},"in2DMode":false,"pivot":{"x":0.11659097671508789,"y":1.5717380046844483,"z":0.9835660457611084},"rotation":{"x":0.5641403198242188,"y":0.424496591091156,"z":-0.41993841528892519,"w":0.5702642202377319},"size":7.752712726593018,"orthographic":true}