{"cameraMode":{"drawMode":0,"name":"Shaded","section":"Shading Mode"},"sceneLighting":false,"audioPlay":false,"sceneViewState":{"showFog":true,"showMaterialUpdate":false,"showSkybox":false,"showFlares":true,"showImageEffects":true,"showParticleSystems":true},"in2DMode":false,"pivot":{"x":0.048279523849487308,"y":0.34685856103897097,"z":-0.16024142503738404},"rotation":{"x":0.20831497013568879,"y":0.20081473886966706,"z":-0.04375040531158447,"w":0.9562273621559143},"size":2.6770830154418947,"orthographic":false}