{"cameraMode":{"drawMode":0,"name":"Shaded","section":"Shading Mode"},"sceneLighting":false,"audioPlay":false,"sceneViewState":{"showFog":true,"showMaterialUpdate":false,"showSkybox":false,"showFlares":true,"showImageEffects":true,"showParticleSystems":true},"in2DMode":false,"pivot":{"x":0.007629096508026123,"y":0.9246733784675598,"z":0.09856438636779785},"rotation":{"x":0.2430669218301773,"y":-0.059612028300762179,"z":0.014964712783694268,"w":0.9680631756782532},"size":4.351268291473389,"orthographic":false}