{"cameraMode":{"drawMode":0,"name":"Shaded","section":"Shading Mode"},"sceneLighting":false,"audioPlay":false,"sceneViewState":{"showFog":true,"showMaterialUpdate":false,"showSkybox":false,"showFlares":true,"showImageEffects":true,"showParticleSystems":true},"in2DMode":false,"pivot":{"x":11.322420120239258,"y":1.5717380046844483,"z":0.23317348957061768},"rotation":{"x":-0.03553987666964531,"y":0.7036715745925903,"z":-0.7087590098381043,"w":-0.03528466820716858},"size":9.528641700744629,"orthographic":true}