{"cameraMode":{"drawMode":0,"name":"Shaded","section":"Shading Mode"},"sceneLighting":true,"audioPlay":false,"sceneViewState":{"showFog":true,"showMaterialUpdate":false,"showSkybox":true,"showFlares":true,"showImageEffects":true,"showParticleSystems":true},"in2DMode":false,"pivot":{"x":-9.475564956665039,"y":-62.60810852050781,"z":35.53253173828125},"rotation":{"x":-0.03687439486384392,"y":0.9432242512702942,"z":0.2901391088962555,"w":0.16208188235759736},"size":35.60388946533203,"orthographic":true}