{"cameraMode":{"drawMode":0,"name":"Shaded","section":"Shading Mode"},"sceneLighting":false,"audioPlay":false,"sceneViewState":{"showFog":true,"showMaterialUpdate":false,"showSkybox":false,"showFlares":true,"showImageEffects":true,"showParticleSystems":true},"in2DMode":false,"pivot":{"x":5.52324914932251,"y":1.8245635032653809,"z":-13.023445129394532},"rotation":{"x":0.004851148929446936,"y":0.7108967900276184,"z":-0.7032628655433655,"w":0.004903760273009539},"size":7.650730609893799,"orthographic":true}