{"cameraMode":{"drawMode":0,"name":"Shaded","section":"Shading Mode"},"sceneLighting":false,"audioPlay":false,"sceneViewState":{"showFog":true,"showMaterialUpdate":false,"showSkybox":false,"showFlares":true,"showImageEffects":true,"showParticleSystems":true},"in2DMode":false,"pivot":{"x":0.04063612222671509,"y":0.48479002714157107,"z":-0.17955243587493897},"rotation":{"x":-0.15914231538772584,"y":0.16064199805259705,"z":0.026252632960677148,"w":0.9737494587898254},"size":2.8086273670196535,"orthographic":false}