{"cameraMode":{"drawMode":0,"name":"Shaded","section":"Shading Mode"},"sceneLighting":false,"audioPlay":false,"sceneViewState":{"showFog":true,"showMaterialUpdate":false,"showSkybox":false,"showFlares":true,"showImageEffects":true,"showParticleSystems":true},"in2DMode":false,"pivot":{"x":0.08402252197265625,"y":0.898772656917572,"z":0.04755878448486328},"rotation":{"x":0.2430669218301773,"y":-0.059612028300762179,"z":0.014964712783694268,"w":0.9680631756782532},"size":2.9668378829956056,"orthographic":true}