{"cameraMode":{"drawMode":0,"name":"Shaded","section":"Shading Mode"},"sceneLighting":false,"audioPlay":false,"sceneViewState":{"showFog":true,"showMaterialUpdate":false,"showSkybox":false,"showFlares":true,"showImageEffects":true,"showParticleSystems":true},"in2DMode":false,"pivot":{"x":11.322420120239258,"y":1.5717380046844483,"z":0.23317348957061768},"rotation":{"x":0.23120298981666566,"y":0.3046363592147827,"z":-0.07648955285549164,"w":0.9208115339279175},"size":9.509346008300782,"orthographic":true}