{"cameraMode":{"drawMode":0,"name":"Shaded","section":"Shading Mode"},"sceneLighting":false,"audioPlay":false,"sceneViewState":{"showFog":true,"showMaterialUpdate":false,"showSkybox":false,"showFlares":true,"showImageEffects":true,"showParticleSystems":true},"in2DMode":false,"pivot":{"x":0.0435037761926651,"y":0.2857727110385895,"z":-0.1742483377456665},"rotation":{"x":-0.2349061518907547,"y":0.5390134453773499,"z":0.15967455506324769,"w":0.7929680943489075},"size":2.7533438205718996,"orthographic":false}