{"cameraMode":{"drawMode":0,"name":"Shaded","section":"Shading Mode"},"sceneLighting":false,"audioPlay":false,"sceneViewState":{"showFog":true,"showMaterialUpdate":false,"showSkybox":false,"showFlares":true,"showImageEffects":true,"showParticleSystems":true},"in2DMode":false,"pivot":{"x":-0.12667039036750794,"y":0.3156939148902893,"z":0.21436697244644166},"rotation":{"x":-0.32526230812072756,"y":0.6747300624847412,"z":0.46608075499534609,"w":0.4708773195743561},"size":2.184767723083496,"orthographic":false}