{"cameraMode":{"drawMode":0,"name":"Shaded","section":"Shading Mode"},"sceneLighting":false,"audioPlay":false,"sceneViewState":{"showFog":true,"showMaterialUpdate":false,"showSkybox":false,"showFlares":true,"showImageEffects":true,"showParticleSystems":true},"in2DMode":false,"pivot":{"x":0.018959462642669679,"y":0.29699093103408816,"z":-0.10214006900787354},"rotation":{"x":-0.0067908582277596,"y":-0.9684731364250183,"z":0.24780292809009553,"w":-0.02612425945699215},"size":2.6699860095977785,"orthographic":false}