{"cameraMode":{"drawMode":0,"name":"Shaded","section":"Shading Mode"},"sceneLighting":false,"audioPlay":false,"sceneViewState":{"showFog":true,"showMaterialUpdate":false,"showSkybox":false,"showFlares":true,"showImageEffects":true,"showParticleSystems":true},"in2DMode":false,"pivot":{"x":0.04169273376464844,"y":0.8967084884643555,"z":-0.10550987720489502},"rotation":{"x":0.2682790756225586,"y":0.6573241949081421,"z":0.27134671807289126,"w":-0.6498783230781555},"size":4.030318260192871,"orthographic":false}