{"cameraMode":{"drawMode":0,"name":"Shaded","section":"Shading Mode"},"sceneLighting":false,"audioPlay":false,"sceneViewState":{"showFog":true,"showMaterialUpdate":false,"showSkybox":false,"showFlares":true,"showImageEffects":true,"showParticleSystems":true},"in2DMode":false,"pivot":{"x":0.020796239376068116,"y":0.16854560375213624,"z":0.15428462624549867},"rotation":{"x":0.12338009476661682,"y":0.18874134123325349,"z":0.023880988359451295,"w":-0.9739760160446167},"size":2.3091046810150148,"orthographic":true}