{"cameraMode":{"drawMode":0,"name":"Shaded","section":"Shading Mode"},"sceneLighting":false,"audioPlay":false,"sceneViewState":{"showFog":true,"showMaterialUpdate":false,"showSkybox":false,"showFlares":true,"showImageEffects":true,"showParticleSystems":true},"in2DMode":false,"pivot":{"x":0.11309897899627686,"y":1.1864044666290284,"z":-0.16882163286209107},"rotation":{"x":0.037883393466472629,"y":-0.9338788390159607,"z":-0.10409554094076157,"w":-0.3400525748729706},"size":5.779617786407471,"orthographic":false}