{"cameraMode":{"drawMode":0,"name":"Shaded","section":"Shading Mode"},"sceneLighting":false,"audioPlay":false,"sceneViewState":{"showFog":true,"showMaterialUpdate":false,"showSkybox":false,"showFlares":true,"showImageEffects":true,"showParticleSystems":true},"in2DMode":false,"pivot":{"x":0.055683255195617679,"y":0.9748084545135498,"z":0.010733366012573243},"rotation":{"x":0.0400092713534832,"y":0.8274219036102295,"z":0.5570060014724731,"w":-0.059430044144392017},"size":4.997843265533447,"orthographic":false}