{"cameraMode":{"drawMode":0,"name":"Shaded","section":"Shading Mode"},"sceneLighting":false,"audioPlay":false,"sceneViewState":{"showFog":true,"showMaterialUpdate":false,"showSkybox":false,"showFlares":true,"showImageEffects":true,"showParticleSystems":true},"in2DMode":false,"pivot":{"x":-0.22354340553283692,"y":1.5717380046844483,"z":-13.799967765808106},"rotation":{"x":0.018287183716893197,"y":-0.6783475279808044,"z":0.7343212366104126,"w":0.0168928112834692},"size":7.6510701179504398,"orthographic":true}