{"cameraMode":{"drawMode":0,"name":"Shaded","section":"Shading Mode"},"sceneLighting":false,"audioPlay":false,"sceneViewState":{"showFog":true,"showMaterialUpdate":false,"showSkybox":false,"showFlares":true,"showImageEffects":true,"showParticleSystems":true},"in2DMode":false,"pivot":{"x":0.10726925730705261,"y":0.3626316785812378,"z":0.04837465286254883},"rotation":{"x":0.14992408454418183,"y":0.25920575857162478,"z":-0.04076976701617241,"w":0.9532470703125},"size":4.647014617919922,"orthographic":false}