{"cameraMode":{"drawMode":0,"name":"Shaded","section":"Shading Mode"},"sceneLighting":true,"audioPlay":false,"sceneViewState":{"showFog":true,"showMaterialUpdate":false,"showSkybox":true,"showFlares":true,"showImageEffects":true,"showParticleSystems":true},"in2DMode":false,"pivot":{"x":-124.29619598388672,"y":-110.57305908203125,"z":97.81486511230469},"rotation":{"x":0.3179461359977722,"y":-0.5582906603813171,"z":0.2444065809249878,"w":0.7266489863395691},"size":191.848876953125,"orthographic":false}