{"cameraMode":{"drawMode":0,"name":"Shaded","section":"Shading Mode"},"sceneLighting":false,"audioPlay":false,"sceneViewState":{"showFog":true,"showMaterialUpdate":false,"showSkybox":false,"showFlares":true,"showImageEffects":true,"showParticleSystems":true},"in2DMode":false,"pivot":{"x":0.12070423364639282,"y":0.9576570987701416,"z":0.008082032203674317},"rotation":{"x":0.0393785685300827,"y":0.848463237285614,"z":0.06374899297952652,"w":-0.5239437222480774},"size":4.700263977050781,"orthographic":false}