{"cameraMode":{"drawMode":0,"name":"Shaded","section":"Shading Mode"},"sceneLighting":false,"audioPlay":false,"sceneViewState":{"showFog":true,"showMaterialUpdate":false,"showSkybox":false,"showFlares":true,"showImageEffects":true,"showParticleSystems":true},"in2DMode":false,"pivot":{"x":0.02468147873878479,"y":0.17840415239334107,"z":-0.12372530251741409},"rotation":{"x":0.27955198287963869,"y":0.03311530873179436,"z":-0.00965107511729002,"w":0.9595138430595398},"size":1.8410828113555909,"orthographic":false}