{"cameraMode":{"drawMode":0,"name":"Shaded","section":"Shading Mode"},"sceneLighting":false,"audioPlay":false,"sceneViewState":{"showFog":true,"showMaterialUpdate":false,"showSkybox":false,"showFlares":true,"showImageEffects":true,"showParticleSystems":true},"in2DMode":false,"pivot":{"x":0.020796239376068116,"y":0.16854560375213624,"z":0.15428462624549867},"rotation":{"x":0.4196535348892212,"y":0.03946256265044212,"z":-0.018268872052431108,"w":0.9066457748413086},"size":2.3091046810150148,"orthographic":false}