{"cameraMode":{"drawMode":0,"name":"Shaded","section":"Shading Mode"},"sceneLighting":true,"audioPlay":false,"sceneViewState":{"showFog":true,"showMaterialUpdate":false,"showSkybox":true,"showFlares":true,"showImageEffects":true,"showParticleSystems":true},"in2DMode":false,"pivot":{"x":14.595492362976075,"y":-9.490621566772461,"z":115.73322296142578},"rotation":{"x":0.02519935369491577,"y":0.15235427021980287,"z":-0.0038858570624142887,"w":0.9879971742630005},"size":127.6849594116211,"orthographic":true}