{"cameraMode":{"drawMode":0,"name":"Shaded","section":"Shading Mode"},"sceneLighting":true,"audioPlay":false,"sceneViewState":{"showFog":true,"showMaterialUpdate":false,"showSkybox":true,"showFlares":true,"showImageEffects":true,"showParticleSystems":true},"in2DMode":false,"pivot":{"x":-16.63823890686035,"y":-52.63298034667969,"z":22.429443359375},"rotation":{"x":0.09410465508699417,"y":-0.07310619205236435,"z":0.006929174996912479,"w":0.9928503036499023},"size":58.25300598144531,"orthographic":true}