{"cameraMode":{"drawMode":0,"name":"Shaded","section":"Shading Mode"},"sceneLighting":true,"audioPlay":false,"sceneViewState":{"showFog":true,"showMaterialUpdate":false,"showSkybox":true,"showFlares":true,"showImageEffects":true,"showParticleSystems":true},"in2DMode":false,"pivot":{"x":2.236518144607544,"y":-51.73766326904297,"z":130.34637451171876},"rotation":{"x":0.24962283670902253,"y":0.08122856914997101,"z":-0.021012265235185624,"w":0.9647178649902344},"size":243.2016143798828,"orthographic":false}