{"cameraMode":{"drawMode":0,"name":"Shaded","section":"Shading Mode"},"sceneLighting":true,"audioPlay":false,"sceneViewState":{"showFog":true,"showMaterialUpdate":false,"showSkybox":true,"showFlares":true,"showImageEffects":true,"showParticleSystems":true},"in2DMode":false,"pivot":{"x":5.995508193969727,"y":-38.282711029052737,"z":117.79303741455078},"rotation":{"x":0.3933475613594055,"y":0.0413527637720108,"z":-0.01770850084722042,"w":0.9182997941970825},"size":208.31314086914063,"orthographic":false}