{"cameraMode":{"drawMode":0,"name":"Shaded","section":"Shading Mode"},"sceneLighting":false,"audioPlay":false,"sceneViewState":{"showFog":true,"showMaterialUpdate":false,"showSkybox":false,"showFlares":true,"showImageEffects":true,"showParticleSystems":true},"in2DMode":false,"pivot":{"x":-0.046171367168426517,"y":0.3171484172344208,"z":-0.3330265283584595},"rotation":{"x":-0.010958864353597165,"y":-0.9860230684280396,"z":0.15052656829357148,"w":-0.07109544426202774},"size":2.7652392387390138,"orthographic":false}